time,snmp,counter,unit
2023-09-30 12:35:34,SctpCurrEstab,0,0.0
2023-09-30 12:35:34,SctpActiveEstabs,0,0.0
2023-09-30 12:35:34,SctpPassiveEstabs,0,0.0
2023-09-30 12:35:34,SctpAborteds,0,0.0
2023-09-30 12:35:34,SctpShutdowns,0,0.0
2023-09-30 12:35:34,SctpOutOfBlues,0,0.0
2023-09-30 12:35:34,SctpChecksumErrors,0,0.0
2023-09-30 12:35:34,SctpOutCtrlChunks,0,0.0
2023-09-30 12:35:34,SctpOutOrderChunks,0,0.0
2023-09-30 12:35:34,SctpOutUnorderChunks,0,0.0
2023-09-30 12:35:34,SctpInCtrlChunks,0,0.0
2023-09-30 12:35:34,SctpInOrderChunks,0,0.0
2023-09-30 12:35:34,SctpInUnorderChunks,0,0.0
2023-09-30 12:35:34,SctpFragUsrMsgs,0,0.0
2023-09-30 12:35:34,SctpReasmUsrMsgs,0,0.0
2023-09-30 12:35:34,SctpOutSCTPPacks,0,0.0
2023-09-30 12:35:34,SctpInSCTPPacks,0,0.0
2023-09-30 12:35:34,SctpT1InitExpireds,0,0.0
2023-09-30 12:35:34,SctpT1CookieExpireds,0,0.0
2023-09-30 12:35:34,SctpT2ShutdownExpireds,0,0.0
2023-09-30 12:35:34,SctpT3RtxExpireds,0,0.0
2023-09-30 12:35:34,SctpT4RtoExpireds,0,0.0
2023-09-30 12:35:34,SctpT5ShutdownGuardExpireds,0,0.0
2023-09-30 12:35:34,SctpDelaySackExpireds,0,0.0
2023-09-30 12:35:34,SctpAutocloseExpireds,0,0.0
2023-09-30 12:35:34,SctpT3Retransmits,0,0.0
2023-09-30 12:35:34,SctpPmtudRetransmits,0,0.0
2023-09-30 12:35:34,SctpFastRetransmits,0,0.0
2023-09-30 12:35:34,SctpInPktSoftirq,0,0.0
2023-09-30 12:35:34,SctpInPktBacklog,0,0.0
2023-09-30 12:35:34,SctpInPktDiscards,0,0.0
2023-09-30 12:35:34,SctpInDataChunkDiscards,0,0.0
2023-09-30 12:35:34,IpInReceives,1026,0.0
2023-09-30 12:35:34,IpInHdrErrors,0,0.0
2023-09-30 12:35:34,IpInAddrErrors,0,0.0
2023-09-30 12:35:34,IpForwDatagrams,0,0.0
2023-09-30 12:35:34,IpInUnknownProtos,1,0.0
2023-09-30 12:35:34,IpInDiscards,0,0.0
2023-09-30 12:35:34,IpInDelivers,1017,0.0
2023-09-30 12:35:34,IpOutRequests,1014,0.0
2023-09-30 12:35:34,IpOutDiscards,0,0.0
2023-09-30 12:35:34,IpOutNoRoutes,0,0.0
2023-09-30 12:35:34,IpReasmTimeout,0,0.0
2023-09-30 12:35:34,IpReasmReqds,0,0.0
2023-09-30 12:35:34,IpReasmOKs,0,0.0
2023-09-30 12:35:34,IpReasmFails,0,0.0
2023-09-30 12:35:34,IpFragOKs,0,0.0
2023-09-30 12:35:34,IpFragFails,0,0.0
2023-09-30 12:35:34,IpFragCreates,0,0.0
2023-09-30 12:35:34,IcmpInMsgs,0,0.0
2023-09-30 12:35:34,IcmpInErrors,0,0.0
2023-09-30 12:35:34,IcmpInCsumErrors,0,0.0
2023-09-30 12:35:34,IcmpInDestUnreachs,0,0.0
2023-09-30 12:35:34,IcmpInTimeExcds,0,0.0
2023-09-30 12:35:34,IcmpInParmProbs,0,0.0
2023-09-30 12:35:34,IcmpInSrcQuenchs,0,0.0
2023-09-30 12:35:34,IcmpInRedirects,0,0.0
2023-09-30 12:35:34,IcmpInEchos,0,0.0
2023-09-30 12:35:34,IcmpInEchoReps,0,0.0
2023-09-30 12:35:34,IcmpInTimestamps,0,0.0
2023-09-30 12:35:34,IcmpInTimestampReps,0,0.0
2023-09-30 12:35:34,IcmpInAddrMasks,0,0.0
2023-09-30 12:35:34,IcmpInAddrMaskReps,0,0.0
2023-09-30 12:35:34,IcmpOutMsgs,0,0.0
2023-09-30 12:35:34,IcmpOutErrors,0,0.0
2023-09-30 12:35:34,IcmpOutDestUnreachs,0,0.0
2023-09-30 12:35:34,IcmpOutTimeExcds,0,0.0
2023-09-30 12:35:34,IcmpOutParmProbs,0,0.0
2023-09-30 12:35:34,IcmpOutSrcQuenchs,0,0.0
2023-09-30 12:35:34,IcmpOutRedirects,0,0.0
2023-09-30 12:35:34,IcmpOutEchos,0,0.0
2023-09-30 12:35:34,IcmpOutEchoReps,0,0.0
2023-09-30 12:35:34,IcmpOutTimestamps,0,0.0
2023-09-30 12:35:34,IcmpOutTimestampReps,0,0.0
2023-09-30 12:35:34,IcmpOutAddrMasks,0,0.0
2023-09-30 12:35:34,IcmpOutAddrMaskReps,0,0.0
2023-09-30 12:35:34,TcpActiveOpens,0,0.0
2023-09-30 12:35:34,TcpPassiveOpens,0,0.0
2023-09-30 12:35:34,TcpAttemptFails,0,0.0
2023-09-30 12:35:34,TcpEstabResets,0,0.0
2023-09-30 12:35:34,TcpInSegs,1014,0.0
2023-09-30 12:35:34,TcpOutSegs,1014,0.0
2023-09-30 12:35:34,TcpRetransSegs,0,0.0
2023-09-30 12:35:34,TcpInErrs,0,0.0
2023-09-30 12:35:34,TcpOutRsts,0,0.0
2023-09-30 12:35:34,TcpInCsumErrors,0,0.0
2023-09-30 12:35:34,UdpInDatagrams,0,0.0
2023-09-30 12:35:34,UdpNoPorts,0,0.0
2023-09-30 12:35:34,UdpInErrors,0,0.0
2023-09-30 12:35:34,UdpOutDatagrams,0,0.0
2023-09-30 12:35:34,UdpRcvbufErrors,0,0.0
2023-09-30 12:35:34,UdpSndbufErrors,0,0.0
2023-09-30 12:35:34,UdpInCsumErrors,0,0.0
2023-09-30 12:35:34,UdpIgnoredMulti,3,0.0
2023-09-30 12:35:34,UdpMemErrors,0,0.0
2023-09-30 12:35:34,UdpLiteInDatagrams,0,0.0
2023-09-30 12:35:34,UdpLiteNoPorts,0,0.0
2023-09-30 12:35:34,UdpLiteInErrors,0,0.0
2023-09-30 12:35:34,UdpLiteOutDatagrams,0,0.0
2023-09-30 12:35:34,UdpLiteRcvbufErrors,0,0.0
2023-09-30 12:35:34,UdpLiteSndbufErrors,0,0.0
2023-09-30 12:35:34,UdpLiteInCsumErrors,0,0.0
2023-09-30 12:35:34,UdpLiteIgnoredMulti,0,0.0
2023-09-30 12:35:34,UdpLiteMemErrors,0,0.0
2023-09-30 12:35:34,Ip6InReceives,0,0.0
2023-09-30 12:35:34,Ip6InHdrErrors,0,0.0
2023-09-30 12:35:34,Ip6InTooBigErrors,0,0.0
2023-09-30 12:35:34,Ip6InNoRoutes,0,0.0
2023-09-30 12:35:34,Ip6InAddrErrors,0,0.0
2023-09-30 12:35:34,Ip6InUnknownProtos,0,0.0
2023-09-30 12:35:34,Ip6InTruncatedPkts,0,0.0
2023-09-30 12:35:34,Ip6InDiscards,0,0.0
2023-09-30 12:35:34,Ip6InDelivers,0,0.0
2023-09-30 12:35:34,Ip6OutForwDatagrams,0,0.0
2023-09-30 12:35:34,Ip6OutRequests,0,0.0
2023-09-30 12:35:34,Ip6OutDiscards,0,0.0
2023-09-30 12:35:34,Ip6OutNoRoutes,0,0.0
2023-09-30 12:35:34,Ip6ReasmTimeout,0,0.0
2023-09-30 12:35:34,Ip6ReasmReqds,0,0.0
2023-09-30 12:35:34,Ip6ReasmOKs,0,0.0
2023-09-30 12:35:34,Ip6ReasmFails,0,0.0
2023-09-30 12:35:34,Ip6FragOKs,0,0.0
2023-09-30 12:35:34,Ip6FragFails,0,0.0
2023-09-30 12:35:34,Ip6FragCreates,0,0.0
2023-09-30 12:35:34,Ip6InMcastPkts,0,0.0
2023-09-30 12:35:34,Ip6OutMcastPkts,0,0.0
2023-09-30 12:35:34,Ip6InOctets,0,0.0
2023-09-30 12:35:34,Ip6OutOctets,0,0.0
2023-09-30 12:35:34,Ip6InMcastOctets,0,0.0
2023-09-30 12:35:34,Ip6OutMcastOctets,0,0.0
2023-09-30 12:35:34,Ip6InBcastOctets,0,0.0
2023-09-30 12:35:34,Ip6OutBcastOctets,0,0.0
2023-09-30 12:35:34,Ip6InNoECTPkts,0,0.0
2023-09-30 12:35:34,Ip6InECT1Pkts,0,0.0
2023-09-30 12:35:34,Ip6InECT0Pkts,0,0.0
2023-09-30 12:35:34,Ip6InCEPkts,0,0.0
2023-09-30 12:35:34,Icmp6InMsgs,0,0.0
2023-09-30 12:35:34,Icmp6InErrors,0,0.0
2023-09-30 12:35:34,Icmp6OutMsgs,0,0.0
2023-09-30 12:35:34,Icmp6OutErrors,0,0.0
2023-09-30 12:35:34,Icmp6InCsumErrors,0,0.0
2023-09-30 12:35:34,Icmp6InDestUnreachs,0,0.0
2023-09-30 12:35:34,Icmp6InPktTooBigs,0,0.0
2023-09-30 12:35:34,Icmp6InTimeExcds,0,0.0
2023-09-30 12:35:34,Icmp6InParmProblems,0,0.0
2023-09-30 12:35:34,Icmp6InEchos,0,0.0
2023-09-30 12:35:34,Icmp6InEchoReplies,0,0.0
2023-09-30 12:35:34,Icmp6InGroupMembQueries,0,0.0
2023-09-30 12:35:34,Icmp6InGroupMembResponses,0,0.0
2023-09-30 12:35:34,Icmp6InGroupMembReductions,0,0.0
2023-09-30 12:35:34,Icmp6InRouterSolicits,0,0.0
2023-09-30 12:35:34,Icmp6InRouterAdvertisements,0,0.0
2023-09-30 12:35:34,Icmp6InNeighborSolicits,0,0.0
2023-09-30 12:35:34,Icmp6InNeighborAdvertisements,0,0.0
2023-09-30 12:35:34,Icmp6InRedirects,0,0.0
2023-09-30 12:35:34,Icmp6InMLDv2Reports,0,0.0
2023-09-30 12:35:34,Icmp6OutDestUnreachs,0,0.0
2023-09-30 12:35:34,Icmp6OutPktTooBigs,0,0.0
2023-09-30 12:35:34,Icmp6OutTimeExcds,0,0.0
2023-09-30 12:35:34,Icmp6OutParmProblems,0,0.0
2023-09-30 12:35:34,Icmp6OutEchos,0,0.0
2023-09-30 12:35:34,Icmp6OutEchoReplies,0,0.0
2023-09-30 12:35:34,Icmp6OutGroupMembQueries,0,0.0
2023-09-30 12:35:34,Icmp6OutGroupMembResponses,0,0.0
2023-09-30 12:35:34,Icmp6OutGroupMembReductions,0,0.0
2023-09-30 12:35:34,Icmp6OutRouterSolicits,0,0.0
2023-09-30 12:35:34,Icmp6OutRouterAdvertisements,0,0.0
2023-09-30 12:35:34,Icmp6OutNeighborSolicits,0,0.0
2023-09-30 12:35:34,Icmp6OutNeighborAdvertisements,0,0.0
2023-09-30 12:35:34,Icmp6OutRedirects,0,0.0
2023-09-30 12:35:34,Icmp6OutMLDv2Reports,0,0.0
2023-09-30 12:35:34,Icmp6InType136,0,0.0
2023-09-30 12:35:34,Icmp6OutType133,0,0.0
2023-09-30 12:35:34,Icmp6OutType135,0,0.0
2023-09-30 12:35:34,Icmp6OutType143,0,0.0
2023-09-30 12:35:34,Udp6InDatagrams,0,0.0
2023-09-30 12:35:34,Udp6NoPorts,0,0.0
2023-09-30 12:35:34,Udp6InErrors,0,0.0
2023-09-30 12:35:34,Udp6OutDatagrams,0,0.0
2023-09-30 12:35:34,Udp6RcvbufErrors,0,0.0
2023-09-30 12:35:34,Udp6SndbufErrors,0,0.0
2023-09-30 12:35:34,Udp6InCsumErrors,0,0.0
2023-09-30 12:35:34,Udp6IgnoredMulti,0,0.0
2023-09-30 12:35:34,Udp6MemErrors,0,0.0
2023-09-30 12:35:34,UdpLite6InDatagrams,0,0.0
2023-09-30 12:35:34,UdpLite6NoPorts,0,0.0
2023-09-30 12:35:34,UdpLite6InErrors,0,0.0
2023-09-30 12:35:34,UdpLite6OutDatagrams,0,0.0
2023-09-30 12:35:34,UdpLite6RcvbufErrors,0,0.0
2023-09-30 12:35:34,UdpLite6SndbufErrors,0,0.0
2023-09-30 12:35:34,UdpLite6InCsumErrors,0,0.0
2023-09-30 12:35:34,UdpLite6MemErrors,0,0.0
2023-09-30 12:35:34,TcpExtSyncookiesSent,0,0.0
2023-09-30 12:35:34,TcpExtSyncookiesRecv,0,0.0
2023-09-30 12:35:34,TcpExtSyncookiesFailed,0,0.0
2023-09-30 12:35:34,TcpExtEmbryonicRsts,0,0.0
2023-09-30 12:35:34,TcpExtPruneCalled,0,0.0
2023-09-30 12:35:34,TcpExtRcvPruned,0,0.0
2023-09-30 12:35:34,TcpExtOfoPruned,0,0.0
2023-09-30 12:35:34,TcpExtOutOfWindowIcmps,0,0.0
2023-09-30 12:35:34,TcpExtLockDroppedIcmps,0,0.0
2023-09-30 12:35:34,TcpExtArpFilter,0,0.0
2023-09-30 12:35:34,TcpExtTW,0,0.0
2023-09-30 12:35:34,TcpExtTWRecycled,0,0.0
2023-09-30 12:35:34,TcpExtTWKilled,0,0.0
2023-09-30 12:35:34,TcpExtPAWSActive,0,0.0
2023-09-30 12:35:34,TcpExtPAWSEstab,0,0.0
2023-09-30 12:35:34,TcpExtDelayedACKs,76,0.0
2023-09-30 12:35:34,TcpExtDelayedACKLocked,0,0.0
2023-09-30 12:35:34,TcpExtDelayedACKLost,0,0.0
2023-09-30 12:35:34,TcpExtListenOverflows,0,0.0
2023-09-30 12:35:34,TcpExtListenDrops,0,0.0
2023-09-30 12:35:34,TcpExtTCPHPHits,449,0.0
2023-09-30 12:35:34,TcpExtTCPPureAcks,68,0.0
2023-09-30 12:35:34,TcpExtTCPHPAcks,534,0.0
2023-09-30 12:35:34,TcpExtTCPRenoRecovery,0,0.0
2023-09-30 12:35:34,TcpExtTCPSackRecovery,0,0.0
2023-09-30 12:35:34,TcpExtTCPSACKReneging,0,0.0
2023-09-30 12:35:34,TcpExtTCPSACKReorder,0,0.0
2023-09-30 12:35:34,TcpExtTCPRenoReorder,0,0.0
2023-09-30 12:35:34,TcpExtTCPTSReorder,0,0.0
2023-09-30 12:35:34,TcpExtTCPFullUndo,0,0.0
2023-09-30 12:35:34,TcpExtTCPPartialUndo,0,0.0
2023-09-30 12:35:34,TcpExtTCPDSACKUndo,0,0.0
2023-09-30 12:35:34,TcpExtTCPLossUndo,0,0.0
2023-09-30 12:35:34,TcpExtTCPLostRetransmit,0,0.0
2023-09-30 12:35:34,TcpExtTCPRenoFailures,0,0.0
2023-09-30 12:35:34,TcpExtTCPSackFailures,0,0.0
2023-09-30 12:35:34,TcpExtTCPLossFailures,0,0.0
2023-09-30 12:35:34,TcpExtTCPFastRetrans,0,0.0
2023-09-30 12:35:34,TcpExtTCPSlowStartRetrans,0,0.0
2023-09-30 12:35:34,TcpExtTCPTimeouts,0,0.0
2023-09-30 12:35:34,TcpExtTCPLossProbes,0,0.0
2023-09-30 12:35:34,TcpExtTCPLossProbeRecovery,0,0.0
2023-09-30 12:35:34,TcpExtTCPRenoRecoveryFail,0,0.0
2023-09-30 12:35:34,TcpExtTCPSackRecoveryFail,0,0.0
2023-09-30 12:35:34,TcpExtTCPRcvCollapsed,0,0.0
2023-09-30 12:35:34,TcpExtTCPBacklogCoalesce,7,0.0
2023-09-30 12:35:34,TcpExtTCPDSACKOldSent,0,0.0
2023-09-30 12:35:34,TcpExtTCPDSACKOfoSent,0,0.0
2023-09-30 12:35:34,TcpExtTCPDSACKRecv,0,0.0
2023-09-30 12:35:34,TcpExtTCPDSACKOfoRecv,0,0.0
2023-09-30 12:35:34,TcpExtTCPAbortOnData,0,0.0
2023-09-30 12:35:34,TcpExtTCPAbortOnClose,0,0.0
2023-09-30 12:35:34,TcpExtTCPAbortOnMemory,0,0.0
2023-09-30 12:35:34,TcpExtTCPAbortOnTimeout,0,0.0
2023-09-30 12:35:34,TcpExtTCPAbortOnLinger,0,0.0
2023-09-30 12:35:34,TcpExtTCPAbortFailed,0,0.0
2023-09-30 12:35:34,TcpExtTCPMemoryPressures,0,0.0
2023-09-30 12:35:34,TcpExtTCPMemoryPressuresChrono,0,0.0
2023-09-30 12:35:34,TcpExtTCPSACKDiscard,0,0.0
2023-09-30 12:35:34,TcpExtTCPDSACKIgnoredOld,0,0.0
2023-09-30 12:35:34,TcpExtTCPDSACKIgnoredNoUndo,0,0.0
2023-09-30 12:35:34,TcpExtTCPSpuriousRTOs,0,0.0
2023-09-30 12:35:34,TcpExtTCPMD5NotFound,0,0.0
2023-09-30 12:35:34,TcpExtTCPMD5Unexpected,0,0.0
2023-09-30 12:35:34,TcpExtTCPMD5Failure,0,0.0
2023-09-30 12:35:34,TcpExtTCPSackShifted,0,0.0
2023-09-30 12:35:34,TcpExtTCPSackMerged,0,0.0
2023-09-30 12:35:34,TcpExtTCPSackShiftFallback,0,0.0
2023-09-30 12:35:34,TcpExtTCPBacklogDrop,0,0.0
2023-09-30 12:35:34,TcpExtPFMemallocDrop,0,0.0
2023-09-30 12:35:34,TcpExtTCPMinTTLDrop,0,0.0
2023-09-30 12:35:34,TcpExtTCPDeferAcceptDrop,0,0.0
2023-09-30 12:35:34,TcpExtIPReversePathFilter,0,0.0
2023-09-30 12:35:34,TcpExtTCPTimeWaitOverflow,0,0.0
2023-09-30 12:35:34,TcpExtTCPReqQFullDoCookies,0,0.0
2023-09-30 12:35:34,TcpExtTCPReqQFullDrop,0,0.0
2023-09-30 12:35:34,TcpExtTCPRetransFail,0,0.0
2023-09-30 12:35:34,TcpExtTCPRcvCoalesce,11,0.0
2023-09-30 12:35:34,TcpExtTCPOFOQueue,0,0.0
2023-09-30 12:35:34,TcpExtTCPOFODrop,0,0.0
2023-09-30 12:35:34,TcpExtTCPOFOMerge,0,0.0
2023-09-30 12:35:34,TcpExtTCPChallengeACK,0,0.0
2023-09-30 12:35:34,TcpExtTCPSYNChallenge,0,0.0
2023-09-30 12:35:34,TcpExtTCPFastOpenActive,0,0.0
2023-09-30 12:35:34,TcpExtTCPFastOpenActiveFail,0,0.0
2023-09-30 12:35:34,TcpExtTCPFastOpenPassive,0,0.0
2023-09-30 12:35:34,TcpExtTCPFastOpenPassiveFail,0,0.0
2023-09-30 12:35:34,TcpExtTCPFastOpenListenOverflow,0,0.0
2023-09-30 12:35:34,TcpExtTCPFastOpenCookieReqd,0,0.0
2023-09-30 12:35:34,TcpExtTCPFastOpenBlackhole,0,0.0
2023-09-30 12:35:34,TcpExtTCPSpuriousRtxHostQueues,0,0.0
2023-09-30 12:35:34,TcpExtBusyPollRxPackets,0,0.0
2023-09-30 12:35:34,TcpExtTCPAutoCorking,0,0.0
2023-09-30 12:35:34,TcpExtTCPFromZeroWindowAdv,0,0.0
2023-09-30 12:35:34,TcpExtTCPToZeroWindowAdv,0,0.0
2023-09-30 12:35:34,TcpExtTCPWantZeroWindowAdv,0,0.0
2023-09-30 12:35:34,TcpExtTCPSynRetrans,0,0.0
2023-09-30 12:35:34,TcpExtTCPOrigDataSent,650,0.0
2023-09-30 12:35:34,TcpExtTCPHystartTrainDetect,0,0.0
2023-09-30 12:35:34,TcpExtTCPHystartTrainCwnd,0,0.0
2023-09-30 12:35:34,TcpExtTCPHystartDelayDetect,0,0.0
2023-09-30 12:35:34,TcpExtTCPHystartDelayCwnd,0,0.0
2023-09-30 12:35:34,TcpExtTCPACKSkippedSynRecv,0,0.0
2023-09-30 12:35:34,TcpExtTCPACKSkippedPAWS,0,0.0
2023-09-30 12:35:34,TcpExtTCPACKSkippedSeq,0,0.0
2023-09-30 12:35:34,TcpExtTCPACKSkippedFinWait2,0,0.0
2023-09-30 12:35:34,TcpExtTCPACKSkippedTimeWait,0,0.0
2023-09-30 12:35:34,TcpExtTCPACKSkippedChallenge,0,0.0
2023-09-30 12:35:34,TcpExtTCPWinProbe,0,0.0
2023-09-30 12:35:34,TcpExtTCPKeepAlive,0,0.0
2023-09-30 12:35:34,TcpExtTCPMTUPFail,0,0.0
2023-09-30 12:35:34,TcpExtTCPMTUPSuccess,0,0.0
2023-09-30 12:35:34,TcpExtTCPDelivered,650,0.0
2023-09-30 12:35:34,TcpExtTCPDeliveredCE,0,0.0
2023-09-30 12:35:34,TcpExtTCPAckCompressed,0,0.0
2023-09-30 12:35:34,TcpExtTCPZeroWindowDrop,0,0.0
2023-09-30 12:35:34,TcpExtTCPRcvQDrop,0,0.0
2023-09-30 12:35:34,TcpExtTCPWqueueTooBig,0,0.0
2023-09-30 12:35:34,TcpExtTCPFastOpenPassiveAltKey,0,0.0
2023-09-30 12:35:34,TcpExtTcpTimeoutRehash,0,0.0
2023-09-30 12:35:34,TcpExtTcpDuplicateDataRehash,0,0.0
2023-09-30 12:35:34,TcpExtTCPDSACKRecvSegs,0,0.0
2023-09-30 12:35:34,TcpExtTCPDSACKIgnoredDubious,0,0.0
2023-09-30 12:35:34,TcpExtTCPMigrateReqSuccess,0,0.0
2023-09-30 12:35:34,TcpExtTCPMigrateReqFailure,0,0.0
2023-09-30 12:35:34,IpExtInNoRoutes,0,0.0
2023-09-30 12:35:34,IpExtInTruncatedPkts,0,0.0
2023-09-30 12:35:34,IpExtInMcastPkts,0,0.0
2023-09-30 12:35:34,IpExtOutMcastPkts,0,0.0
2023-09-30 12:35:34,IpExtInBcastPkts,4,0.0
2023-09-30 12:35:34,IpExtOutBcastPkts,0,0.0
2023-09-30 12:35:34,IpExtInOctets,1484559,0.0
2023-09-30 12:35:34,IpExtOutOctets,1482613,0.0
2023-09-30 12:35:34,IpExtInMcastOctets,0,0.0
2023-09-30 12:35:34,IpExtOutMcastOctets,0,0.0
2023-09-30 12:35:34,IpExtInBcastOctets,322,0.0
2023-09-30 12:35:34,IpExtOutBcastOctets,0,0.0
2023-09-30 12:35:34,IpExtInCsumErrors,0,0.0
2023-09-30 12:35:34,IpExtInNoECTPkts,1026,0.0
2023-09-30 12:35:34,IpExtInECT1Pkts,0,0.0
2023-09-30 12:35:34,IpExtInECT0Pkts,0,0.0
2023-09-30 12:35:34,IpExtInCEPkts,0,0.0
2023-09-30 12:35:34,IpExtReasmOverlaps,0,0.0
2023-09-30 12:35:39,SctpCurrEstab,0,0.0
2023-09-30 12:35:39,SctpActiveEstabs,0,0.0
2023-09-30 12:35:39,SctpPassiveEstabs,0,0.0
2023-09-30 12:35:39,SctpAborteds,0,0.0
2023-09-30 12:35:39,SctpShutdowns,0,0.0
2023-09-30 12:35:39,SctpOutOfBlues,0,0.0
2023-09-30 12:35:39,SctpChecksumErrors,0,0.0
2023-09-30 12:35:39,SctpOutCtrlChunks,0,0.0
2023-09-30 12:35:39,SctpOutOrderChunks,0,0.0
2023-09-30 12:35:39,SctpOutUnorderChunks,0,0.0
2023-09-30 12:35:39,SctpInCtrlChunks,0,0.0
2023-09-30 12:35:39,SctpInOrderChunks,0,0.0
2023-09-30 12:35:39,SctpInUnorderChunks,0,0.0
2023-09-30 12:35:39,SctpFragUsrMsgs,0,0.0
2023-09-30 12:35:39,SctpReasmUsrMsgs,0,0.0
2023-09-30 12:35:39,SctpOutSCTPPacks,0,0.0
2023-09-30 12:35:39,SctpInSCTPPacks,0,0.0
2023-09-30 12:35:39,SctpT1InitExpireds,0,0.0
2023-09-30 12:35:39,SctpT1CookieExpireds,0,0.0
2023-09-30 12:35:39,SctpT2ShutdownExpireds,0,0.0
2023-09-30 12:35:39,SctpT3RtxExpireds,0,0.0
2023-09-30 12:35:39,SctpT4RtoExpireds,0,0.0
2023-09-30 12:35:39,SctpT5ShutdownGuardExpireds,0,0.0
2023-09-30 12:35:39,SctpDelaySackExpireds,0,0.0
2023-09-30 12:35:39,SctpAutocloseExpireds,0,0.0
2023-09-30 12:35:39,SctpT3Retransmits,0,0.0
2023-09-30 12:35:39,SctpPmtudRetransmits,0,0.0
2023-09-30 12:35:39,SctpFastRetransmits,0,0.0
2023-09-30 12:35:39,SctpInPktSoftirq,0,0.0
2023-09-30 12:35:39,SctpInPktBacklog,0,0.0
2023-09-30 12:35:39,SctpInPktDiscards,0,0.0
2023-09-30 12:35:39,SctpInDataChunkDiscards,0,0.0
2023-09-30 12:35:39,IpInReceives,200,0.0
2023-09-30 12:35:39,IpInHdrErrors,0,0.0
2023-09-30 12:35:39,IpInAddrErrors,0,0.0
2023-09-30 12:35:39,IpForwDatagrams,0,0.0
2023-09-30 12:35:39,IpInUnknownProtos,0,0.0
2023-09-30 12:35:39,IpInDiscards,0,0.0
2023-09-30 12:35:39,IpInDelivers,200,0.0
2023-09-30 12:35:39,IpOutRequests,200,0.0
2023-09-30 12:35:39,IpOutDiscards,0,0.0
2023-09-30 12:35:39,IpOutNoRoutes,0,0.0
2023-09-30 12:35:39,IpReasmTimeout,0,0.0
2023-09-30 12:35:39,IpReasmReqds,0,0.0
2023-09-30 12:35:39,IpReasmOKs,0,0.0
2023-09-30 12:35:39,IpReasmFails,0,0.0
2023-09-30 12:35:39,IpFragOKs,0,0.0
2023-09-30 12:35:39,IpFragFails,0,0.0
2023-09-30 12:35:39,IpFragCreates,0,0.0
2023-09-30 12:35:39,IcmpInMsgs,0,0.0
2023-09-30 12:35:39,IcmpInErrors,0,0.0
2023-09-30 12:35:39,IcmpInCsumErrors,0,0.0
2023-09-30 12:35:39,IcmpInDestUnreachs,0,0.0
2023-09-30 12:35:39,IcmpInTimeExcds,0,0.0
2023-09-30 12:35:39,IcmpInParmProbs,0,0.0
2023-09-30 12:35:39,IcmpInSrcQuenchs,0,0.0
2023-09-30 12:35:39,IcmpInRedirects,0,0.0
2023-09-30 12:35:39,IcmpInEchos,0,0.0
2023-09-30 12:35:39,IcmpInEchoReps,0,0.0
2023-09-30 12:35:39,IcmpInTimestamps,0,0.0
2023-09-30 12:35:39,IcmpInTimestampReps,0,0.0
2023-09-30 12:35:39,IcmpInAddrMasks,0,0.0
2023-09-30 12:35:39,IcmpInAddrMaskReps,0,0.0
2023-09-30 12:35:39,IcmpOutMsgs,0,0.0
2023-09-30 12:35:39,IcmpOutErrors,0,0.0
2023-09-30 12:35:39,IcmpOutDestUnreachs,0,0.0
2023-09-30 12:35:39,IcmpOutTimeExcds,0,0.0
2023-09-30 12:35:39,IcmpOutParmProbs,0,0.0
2023-09-30 12:35:39,IcmpOutSrcQuenchs,0,0.0
2023-09-30 12:35:39,IcmpOutRedirects,0,0.0
2023-09-30 12:35:39,IcmpOutEchos,0,0.0
2023-09-30 12:35:39,IcmpOutEchoReps,0,0.0
2023-09-30 12:35:39,IcmpOutTimestamps,0,0.0
2023-09-30 12:35:39,IcmpOutTimestampReps,0,0.0
2023-09-30 12:35:39,IcmpOutAddrMasks,0,0.0
2023-09-30 12:35:39,IcmpOutAddrMaskReps,0,0.0
2023-09-30 12:35:39,TcpActiveOpens,0,0.0
2023-09-30 12:35:39,TcpPassiveOpens,0,0.0
2023-09-30 12:35:39,TcpAttemptFails,0,0.0
2023-09-30 12:35:39,TcpEstabResets,0,0.0
2023-09-30 12:35:39,TcpInSegs,200,0.0
2023-09-30 12:35:39,TcpOutSegs,200,0.0
2023-09-30 12:35:39,TcpRetransSegs,0,0.0
2023-09-30 12:35:39,TcpInErrs,0,0.0
2023-09-30 12:35:39,TcpOutRsts,0,0.0
2023-09-30 12:35:39,TcpInCsumErrors,0,0.0
2023-09-30 12:35:39,UdpInDatagrams,0,0.0
2023-09-30 12:35:39,UdpNoPorts,0,0.0
2023-09-30 12:35:39,UdpInErrors,0,0.0
2023-09-30 12:35:39,UdpOutDatagrams,0,0.0
2023-09-30 12:35:39,UdpRcvbufErrors,0,0.0
2023-09-30 12:35:39,UdpSndbufErrors,0,0.0
2023-09-30 12:35:39,UdpInCsumErrors,0,0.0
2023-09-30 12:35:39,UdpIgnoredMulti,0,0.0
2023-09-30 12:35:39,UdpMemErrors,0,0.0
2023-09-30 12:35:39,UdpLiteInDatagrams,0,0.0
2023-09-30 12:35:39,UdpLiteNoPorts,0,0.0
2023-09-30 12:35:39,UdpLiteInErrors,0,0.0
2023-09-30 12:35:39,UdpLiteOutDatagrams,0,0.0
2023-09-30 12:35:39,UdpLiteRcvbufErrors,0,0.0
2023-09-30 12:35:39,UdpLiteSndbufErrors,0,0.0
2023-09-30 12:35:39,UdpLiteInCsumErrors,0,0.0
2023-09-30 12:35:39,UdpLiteIgnoredMulti,0,0.0
2023-09-30 12:35:39,UdpLiteMemErrors,0,0.0
2023-09-30 12:35:39,Ip6InReceives,0,0.0
2023-09-30 12:35:39,Ip6InHdrErrors,0,0.0
2023-09-30 12:35:39,Ip6InTooBigErrors,0,0.0
2023-09-30 12:35:39,Ip6InNoRoutes,0,0.0
2023-09-30 12:35:39,Ip6InAddrErrors,0,0.0
2023-09-30 12:35:39,Ip6InUnknownProtos,0,0.0
2023-09-30 12:35:39,Ip6InTruncatedPkts,0,0.0
2023-09-30 12:35:39,Ip6InDiscards,0,0.0
2023-09-30 12:35:39,Ip6InDelivers,0,0.0
2023-09-30 12:35:39,Ip6OutForwDatagrams,0,0.0
2023-09-30 12:35:39,Ip6OutRequests,0,0.0
2023-09-30 12:35:39,Ip6OutDiscards,0,0.0
2023-09-30 12:35:39,Ip6OutNoRoutes,0,0.0
2023-09-30 12:35:39,Ip6ReasmTimeout,0,0.0
2023-09-30 12:35:39,Ip6ReasmReqds,0,0.0
2023-09-30 12:35:39,Ip6ReasmOKs,0,0.0
2023-09-30 12:35:39,Ip6ReasmFails,0,0.0
2023-09-30 12:35:39,Ip6FragOKs,0,0.0
2023-09-30 12:35:39,Ip6FragFails,0,0.0
2023-09-30 12:35:39,Ip6FragCreates,0,0.0
2023-09-30 12:35:39,Ip6InMcastPkts,0,0.0
2023-09-30 12:35:39,Ip6OutMcastPkts,0,0.0
2023-09-30 12:35:39,Ip6InOctets,0,0.0
2023-09-30 12:35:39,Ip6OutOctets,0,0.0
2023-09-30 12:35:39,Ip6InMcastOctets,0,0.0
2023-09-30 12:35:39,Ip6OutMcastOctets,0,0.0
2023-09-30 12:35:39,Ip6InBcastOctets,0,0.0
2023-09-30 12:35:39,Ip6OutBcastOctets,0,0.0
2023-09-30 12:35:39,Ip6InNoECTPkts,0,0.0
2023-09-30 12:35:39,Ip6InECT1Pkts,0,0.0
2023-09-30 12:35:39,Ip6InECT0Pkts,0,0.0
2023-09-30 12:35:39,Ip6InCEPkts,0,0.0
2023-09-30 12:35:39,Icmp6InMsgs,0,0.0
2023-09-30 12:35:39,Icmp6InErrors,0,0.0
2023-09-30 12:35:39,Icmp6OutMsgs,0,0.0
2023-09-30 12:35:39,Icmp6OutErrors,0,0.0
2023-09-30 12:35:39,Icmp6InCsumErrors,0,0.0
2023-09-30 12:35:39,Icmp6InDestUnreachs,0,0.0
2023-09-30 12:35:39,Icmp6InPktTooBigs,0,0.0
2023-09-30 12:35:39,Icmp6InTimeExcds,0,0.0
2023-09-30 12:35:39,Icmp6InParmProblems,0,0.0
2023-09-30 12:35:39,Icmp6InEchos,0,0.0
2023-09-30 12:35:39,Icmp6InEchoReplies,0,0.0
2023-09-30 12:35:39,Icmp6InGroupMembQueries,0,0.0
2023-09-30 12:35:39,Icmp6InGroupMembResponses,0,0.0
2023-09-30 12:35:39,Icmp6InGroupMembReductions,0,0.0
2023-09-30 12:35:39,Icmp6InRouterSolicits,0,0.0
2023-09-30 12:35:39,Icmp6InRouterAdvertisements,0,0.0
2023-09-30 12:35:39,Icmp6InNeighborSolicits,0,0.0
2023-09-30 12:35:39,Icmp6InNeighborAdvertisements,0,0.0
2023-09-30 12:35:39,Icmp6InRedirects,0,0.0
2023-09-30 12:35:39,Icmp6InMLDv2Reports,0,0.0
2023-09-30 12:35:39,Icmp6OutDestUnreachs,0,0.0
2023-09-30 12:35:39,Icmp6OutPktTooBigs,0,0.0
2023-09-30 12:35:39,Icmp6OutTimeExcds,0,0.0
2023-09-30 12:35:39,Icmp6OutParmProblems,0,0.0
2023-09-30 12:35:39,Icmp6OutEchos,0,0.0
2023-09-30 12:35:39,Icmp6OutEchoReplies,0,0.0
2023-09-30 12:35:39,Icmp6OutGroupMembQueries,0,0.0
2023-09-30 12:35:39,Icmp6OutGroupMembResponses,0,0.0
2023-09-30 12:35:39,Icmp6OutGroupMembReductions,0,0.0
2023-09-30 12:35:39,Icmp6OutRouterSolicits,0,0.0
2023-09-30 12:35:39,Icmp6OutRouterAdvertisements,0,0.0
2023-09-30 12:35:39,Icmp6OutNeighborSolicits,0,0.0
2023-09-30 12:35:39,Icmp6OutNeighborAdvertisements,0,0.0
2023-09-30 12:35:39,Icmp6OutRedirects,0,0.0
2023-09-30 12:35:39,Icmp6OutMLDv2Reports,0,0.0
2023-09-30 12:35:39,Icmp6InType136,0,0.0
2023-09-30 12:35:39,Icmp6OutType133,0,0.0
2023-09-30 12:35:39,Icmp6OutType135,0,0.0
2023-09-30 12:35:39,Icmp6OutType143,0,0.0
2023-09-30 12:35:39,Udp6InDatagrams,0,0.0
2023-09-30 12:35:39,Udp6NoPorts,0,0.0
2023-09-30 12:35:39,Udp6InErrors,0,0.0
2023-09-30 12:35:39,Udp6OutDatagrams,0,0.0
2023-09-30 12:35:39,Udp6RcvbufErrors,0,0.0
2023-09-30 12:35:39,Udp6SndbufErrors,0,0.0
2023-09-30 12:35:39,Udp6InCsumErrors,0,0.0
2023-09-30 12:35:39,Udp6IgnoredMulti,0,0.0
2023-09-30 12:35:39,Udp6MemErrors,0,0.0
2023-09-30 12:35:39,UdpLite6InDatagrams,0,0.0
2023-09-30 12:35:39,UdpLite6NoPorts,0,0.0
2023-09-30 12:35:39,UdpLite6InErrors,0,0.0
2023-09-30 12:35:39,UdpLite6OutDatagrams,0,0.0
2023-09-30 12:35:39,UdpLite6RcvbufErrors,0,0.0
2023-09-30 12:35:39,UdpLite6SndbufErrors,0,0.0
2023-09-30 12:35:39,UdpLite6InCsumErrors,0,0.0
2023-09-30 12:35:39,UdpLite6MemErrors,0,0.0
2023-09-30 12:35:39,TcpExtSyncookiesSent,0,0.0
2023-09-30 12:35:39,TcpExtSyncookiesRecv,0,0.0
2023-09-30 12:35:39,TcpExtSyncookiesFailed,0,0.0
2023-09-30 12:35:39,TcpExtEmbryonicRsts,0,0.0
2023-09-30 12:35:39,TcpExtPruneCalled,0,0.0
2023-09-30 12:35:39,TcpExtRcvPruned,0,0.0
2023-09-30 12:35:39,TcpExtOfoPruned,0,0.0
2023-09-30 12:35:39,TcpExtOutOfWindowIcmps,0,0.0
2023-09-30 12:35:39,TcpExtLockDroppedIcmps,0,0.0
2023-09-30 12:35:39,TcpExtArpFilter,0,0.0
2023-09-30 12:35:39,TcpExtTW,0,0.0
2023-09-30 12:35:39,TcpExtTWRecycled,0,0.0
2023-09-30 12:35:39,TcpExtTWKilled,0,0.0
2023-09-30 12:35:39,TcpExtPAWSActive,0,0.0
2023-09-30 12:35:39,TcpExtPAWSEstab,0,0.0
2023-09-30 12:35:39,TcpExtDelayedACKs,18,0.0
2023-09-30 12:35:39,TcpExtDelayedACKLocked,0,0.0
2023-09-30 12:35:39,TcpExtDelayedACKLost,0,0.0
2023-09-30 12:35:39,TcpExtListenOverflows,0,0.0
2023-09-30 12:35:39,TcpExtListenDrops,0,0.0
2023-09-30 12:35:39,TcpExtTCPHPHits,105,0.0
2023-09-30 12:35:39,TcpExtTCPPureAcks,15,0.0
2023-09-30 12:35:39,TcpExtTCPHPAcks,117,0.0
2023-09-30 12:35:39,TcpExtTCPRenoRecovery,0,0.0
2023-09-30 12:35:39,TcpExtTCPSackRecovery,0,0.0
2023-09-30 12:35:39,TcpExtTCPSACKReneging,0,0.0
2023-09-30 12:35:39,TcpExtTCPSACKReorder,0,0.0
2023-09-30 12:35:39,TcpExtTCPRenoReorder,0,0.0
2023-09-30 12:35:39,TcpExtTCPTSReorder,0,0.0
2023-09-30 12:35:39,TcpExtTCPFullUndo,0,0.0
2023-09-30 12:35:39,TcpExtTCPPartialUndo,0,0.0
2023-09-30 12:35:39,TcpExtTCPDSACKUndo,0,0.0
2023-09-30 12:35:39,TcpExtTCPLossUndo,0,0.0
2023-09-30 12:35:39,TcpExtTCPLostRetransmit,0,0.0
2023-09-30 12:35:39,TcpExtTCPRenoFailures,0,0.0
2023-09-30 12:35:39,TcpExtTCPSackFailures,0,0.0
2023-09-30 12:35:39,TcpExtTCPLossFailures,0,0.0
2023-09-30 12:35:39,TcpExtTCPFastRetrans,0,0.0
2023-09-30 12:35:39,TcpExtTCPSlowStartRetrans,0,0.0
2023-09-30 12:35:39,TcpExtTCPTimeouts,0,0.0
2023-09-30 12:35:39,TcpExtTCPLossProbes,0,0.0
2023-09-30 12:35:39,TcpExtTCPLossProbeRecovery,0,0.0
2023-09-30 12:35:39,TcpExtTCPRenoRecoveryFail,0,0.0
2023-09-30 12:35:39,TcpExtTCPSackRecoveryFail,0,0.0
2023-09-30 12:35:39,TcpExtTCPRcvCollapsed,0,0.0
2023-09-30 12:35:39,TcpExtTCPBacklogCoalesce,0,0.0
2023-09-30 12:35:39,TcpExtTCPDSACKOldSent,0,0.0
2023-09-30 12:35:39,TcpExtTCPDSACKOfoSent,0,0.0
2023-09-30 12:35:39,TcpExtTCPDSACKRecv,0,0.0
2023-09-30 12:35:39,TcpExtTCPDSACKOfoRecv,0,0.0
2023-09-30 12:35:39,TcpExtTCPAbortOnData,0,0.0
2023-09-30 12:35:39,TcpExtTCPAbortOnClose,0,0.0
2023-09-30 12:35:39,TcpExtTCPAbortOnMemory,0,0.0
2023-09-30 12:35:39,TcpExtTCPAbortOnTimeout,0,0.0
2023-09-30 12:35:39,TcpExtTCPAbortOnLinger,0,0.0
2023-09-30 12:35:39,TcpExtTCPAbortFailed,0,0.0
2023-09-30 12:35:39,TcpExtTCPMemoryPressures,0,0.0
2023-09-30 12:35:39,TcpExtTCPMemoryPressuresChrono,0,0.0
2023-09-30 12:35:39,TcpExtTCPSACKDiscard,0,0.0
2023-09-30 12:35:39,TcpExtTCPDSACKIgnoredOld,0,0.0
2023-09-30 12:35:39,TcpExtTCPDSACKIgnoredNoUndo,0,0.0
2023-09-30 12:35:39,TcpExtTCPSpuriousRTOs,0,0.0
2023-09-30 12:35:39,TcpExtTCPMD5NotFound,0,0.0
2023-09-30 12:35:39,TcpExtTCPMD5Unexpected,0,0.0
2023-09-30 12:35:39,TcpExtTCPMD5Failure,0,0.0
2023-09-30 12:35:39,TcpExtTCPSackShifted,0,0.0
2023-09-30 12:35:39,TcpExtTCPSackMerged,0,0.0
2023-09-30 12:35:39,TcpExtTCPSackShiftFallback,0,0.0
2023-09-30 12:35:39,TcpExtTCPBacklogDrop,0,0.0
2023-09-30 12:35:39,TcpExtPFMemallocDrop,0,0.0
2023-09-30 12:35:39,TcpExtTCPMinTTLDrop,0,0.0
2023-09-30 12:35:39,TcpExtTCPDeferAcceptDrop,0,0.0
2023-09-30 12:35:39,TcpExtIPReversePathFilter,0,0.0
2023-09-30 12:35:39,TcpExtTCPTimeWaitOverflow,0,0.0
2023-09-30 12:35:39,TcpExtTCPReqQFullDoCookies,0,0.0
2023-09-30 12:35:39,TcpExtTCPReqQFullDrop,0,0.0
2023-09-30 12:35:39,TcpExtTCPRetransFail,0,0.0
2023-09-30 12:35:39,TcpExtTCPRcvCoalesce,0,0.0
2023-09-30 12:35:39,TcpExtTCPOFOQueue,0,0.0
2023-09-30 12:35:39,TcpExtTCPOFODrop,0,0.0
2023-09-30 12:35:39,TcpExtTCPOFOMerge,0,0.0
2023-09-30 12:35:39,TcpExtTCPChallengeACK,0,0.0
2023-09-30 12:35:39,TcpExtTCPSYNChallenge,0,0.0
2023-09-30 12:35:39,TcpExtTCPFastOpenActive,0,0.0
2023-09-30 12:35:39,TcpExtTCPFastOpenActiveFail,0,0.0
2023-09-30 12:35:39,TcpExtTCPFastOpenPassive,0,0.0
2023-09-30 12:35:39,TcpExtTCPFastOpenPassiveFail,0,0.0
2023-09-30 12:35:39,TcpExtTCPFastOpenListenOverflow,0,0.0
2023-09-30 12:35:39,TcpExtTCPFastOpenCookieReqd,0,0.0
2023-09-30 12:35:39,TcpExtTCPFastOpenBlackhole,0,0.0
2023-09-30 12:35:39,TcpExtTCPSpuriousRtxHostQueues,0,0.0
2023-09-30 12:35:39,TcpExtBusyPollRxPackets,0,0.0
2023-09-30 12:35:39,TcpExtTCPAutoCorking,0,0.0
2023-09-30 12:35:39,TcpExtTCPFromZeroWindowAdv,0,0.0
2023-09-30 12:35:39,TcpExtTCPToZeroWindowAdv,0,0.0
2023-09-30 12:35:39,TcpExtTCPWantZeroWindowAdv,0,0.0
2023-09-30 12:35:39,TcpExtTCPSynRetrans,0,0.0
2023-09-30 12:35:39,TcpExtTCPOrigDataSent,152,0.0
2023-09-30 12:35:39,TcpExtTCPHystartTrainDetect,0,0.0
2023-09-30 12:35:39,TcpExtTCPHystartTrainCwnd,0,0.0
2023-09-30 12:35:39,TcpExtTCPHystartDelayDetect,0,0.0
2023-09-30 12:35:39,TcpExtTCPHystartDelayCwnd,0,0.0
2023-09-30 12:35:39,TcpExtTCPACKSkippedSynRecv,0,0.0
2023-09-30 12:35:39,TcpExtTCPACKSkippedPAWS,0,0.0
2023-09-30 12:35:39,TcpExtTCPACKSkippedSeq,0,0.0
2023-09-30 12:35:39,TcpExtTCPACKSkippedFinWait2,0,0.0
2023-09-30 12:35:39,TcpExtTCPACKSkippedTimeWait,0,0.0
2023-09-30 12:35:39,TcpExtTCPACKSkippedChallenge,0,0.0
2023-09-30 12:35:39,TcpExtTCPWinProbe,0,0.0
2023-09-30 12:35:39,TcpExtTCPKeepAlive,0,0.0
2023-09-30 12:35:39,TcpExtTCPMTUPFail,0,0.0
2023-09-30 12:35:39,TcpExtTCPMTUPSuccess,0,0.0
2023-09-30 12:35:39,TcpExtTCPDelivered,152,0.0
2023-09-30 12:35:39,TcpExtTCPDeliveredCE,0,0.0
2023-09-30 12:35:39,TcpExtTCPAckCompressed,0,0.0
2023-09-30 12:35:39,TcpExtTCPZeroWindowDrop,0,0.0
2023-09-30 12:35:39,TcpExtTCPRcvQDrop,0,0.0
2023-09-30 12:35:39,TcpExtTCPWqueueTooBig,0,0.0
2023-09-30 12:35:39,TcpExtTCPFastOpenPassiveAltKey,0,0.0
2023-09-30 12:35:39,TcpExtTcpTimeoutRehash,0,0.0
2023-09-30 12:35:39,TcpExtTcpDuplicateDataRehash,0,0.0
2023-09-30 12:35:39,TcpExtTCPDSACKRecvSegs,0,0.0
2023-09-30 12:35:39,TcpExtTCPDSACKIgnoredDubious,0,0.0
2023-09-30 12:35:39,TcpExtTCPMigrateReqSuccess,0,0.0
2023-09-30 12:35:39,TcpExtTCPMigrateReqFailure,0,0.0
2023-09-30 12:35:39,IpExtInNoRoutes,0,0.0
2023-09-30 12:35:39,IpExtInTruncatedPkts,0,0.0
2023-09-30 12:35:39,IpExtInMcastPkts,0,0.0
2023-09-30 12:35:39,IpExtOutMcastPkts,0,0.0
2023-09-30 12:35:39,IpExtInBcastPkts,0,0.0
2023-09-30 12:35:39,IpExtOutBcastPkts,0,0.0
2023-09-30 12:35:39,IpExtInOctets,166268,0.0
2023-09-30 12:35:39,IpExtOutOctets,166268,0.0
2023-09-30 12:35:39,IpExtInMcastOctets,0,0.0
2023-09-30 12:35:39,IpExtOutMcastOctets,0,0.0
2023-09-30 12:35:39,IpExtInBcastOctets,0,0.0
2023-09-30 12:35:39,IpExtOutBcastOctets,0,0.0
2023-09-30 12:35:39,IpExtInCsumErrors,0,0.0
2023-09-30 12:35:39,IpExtInNoECTPkts,200,0.0
2023-09-30 12:35:39,IpExtInECT1Pkts,0,0.0
2023-09-30 12:35:39,IpExtInECT0Pkts,0,0.0
2023-09-30 12:35:39,IpExtInCEPkts,0,0.0
2023-09-30 12:35:39,IpExtReasmOverlaps,0,0.0
2023-09-30 12:35:44,SctpCurrEstab,0,0.0
2023-09-30 12:35:44,SctpActiveEstabs,0,0.0
2023-09-30 12:35:44,SctpPassiveEstabs,0,0.0
2023-09-30 12:35:44,SctpAborteds,0,0.0
2023-09-30 12:35:44,SctpShutdowns,0,0.0
2023-09-30 12:35:44,SctpOutOfBlues,0,0.0
2023-09-30 12:35:44,SctpChecksumErrors,0,0.0
2023-09-30 12:35:44,SctpOutCtrlChunks,0,0.0
2023-09-30 12:35:44,SctpOutOrderChunks,0,0.0
2023-09-30 12:35:44,SctpOutUnorderChunks,0,0.0
2023-09-30 12:35:44,SctpInCtrlChunks,0,0.0
2023-09-30 12:35:44,SctpInOrderChunks,0,0.0
2023-09-30 12:35:44,SctpInUnorderChunks,0,0.0
2023-09-30 12:35:44,SctpFragUsrMsgs,0,0.0
2023-09-30 12:35:44,SctpReasmUsrMsgs,0,0.0
2023-09-30 12:35:44,SctpOutSCTPPacks,0,0.0
2023-09-30 12:35:44,SctpInSCTPPacks,0,0.0
2023-09-30 12:35:44,SctpT1InitExpireds,0,0.0
2023-09-30 12:35:44,SctpT1CookieExpireds,0,0.0
2023-09-30 12:35:44,SctpT2ShutdownExpireds,0,0.0
2023-09-30 12:35:44,SctpT3RtxExpireds,0,0.0
2023-09-30 12:35:44,SctpT4RtoExpireds,0,0.0
2023-09-30 12:35:44,SctpT5ShutdownGuardExpireds,0,0.0
2023-09-30 12:35:44,SctpDelaySackExpireds,0,0.0
2023-09-30 12:35:44,SctpAutocloseExpireds,0,0.0
2023-09-30 12:35:44,SctpT3Retransmits,0,0.0
2023-09-30 12:35:44,SctpPmtudRetransmits,0,0.0
2023-09-30 12:35:44,SctpFastRetransmits,0,0.0
2023-09-30 12:35:44,SctpInPktSoftirq,0,0.0
2023-09-30 12:35:44,SctpInPktBacklog,0,0.0
2023-09-30 12:35:44,SctpInPktDiscards,0,0.0
2023-09-30 12:35:44,SctpInDataChunkDiscards,0,0.0
2023-09-30 12:35:44,IpInReceives,179,0.0
2023-09-30 12:35:44,IpInHdrErrors,0,0.0
2023-09-30 12:35:44,IpInAddrErrors,0,0.0
2023-09-30 12:35:44,IpForwDatagrams,0,0.0
2023-09-30 12:35:44,IpInUnknownProtos,0,0.0
2023-09-30 12:35:44,IpInDiscards,0,0.0
2023-09-30 12:35:44,IpInDelivers,179,0.0
2023-09-30 12:35:44,IpOutRequests,179,0.0
2023-09-30 12:35:44,IpOutDiscards,0,0.0
2023-09-30 12:35:44,IpOutNoRoutes,0,0.0
2023-09-30 12:35:44,IpReasmTimeout,0,0.0
2023-09-30 12:35:44,IpReasmReqds,0,0.0
2023-09-30 12:35:44,IpReasmOKs,0,0.0
2023-09-30 12:35:44,IpReasmFails,0,0.0
2023-09-30 12:35:44,IpFragOKs,0,0.0
2023-09-30 12:35:44,IpFragFails,0,0.0
2023-09-30 12:35:44,IpFragCreates,0,0.0
2023-09-30 12:35:44,IcmpInMsgs,0,0.0
2023-09-30 12:35:44,IcmpInErrors,0,0.0
2023-09-30 12:35:44,IcmpInCsumErrors,0,0.0
2023-09-30 12:35:44,IcmpInDestUnreachs,0,0.0
2023-09-30 12:35:44,IcmpInTimeExcds,0,0.0
2023-09-30 12:35:44,IcmpInParmProbs,0,0.0
2023-09-30 12:35:44,IcmpInSrcQuenchs,0,0.0
2023-09-30 12:35:44,IcmpInRedirects,0,0.0
2023-09-30 12:35:44,IcmpInEchos,0,0.0
2023-09-30 12:35:44,IcmpInEchoReps,0,0.0
2023-09-30 12:35:44,IcmpInTimestamps,0,0.0
2023-09-30 12:35:44,IcmpInTimestampReps,0,0.0
2023-09-30 12:35:44,IcmpInAddrMasks,0,0.0
2023-09-30 12:35:44,IcmpInAddrMaskReps,0,0.0
2023-09-30 12:35:44,IcmpOutMsgs,0,0.0
2023-09-30 12:35:44,IcmpOutErrors,0,0.0
2023-09-30 12:35:44,IcmpOutDestUnreachs,0,0.0
2023-09-30 12:35:44,IcmpOutTimeExcds,0,0.0
2023-09-30 12:35:44,IcmpOutParmProbs,0,0.0
2023-09-30 12:35:44,IcmpOutSrcQuenchs,0,0.0
2023-09-30 12:35:44,IcmpOutRedirects,0,0.0
2023-09-30 12:35:44,IcmpOutEchos,0,0.0
2023-09-30 12:35:44,IcmpOutEchoReps,0,0.0
2023-09-30 12:35:44,IcmpOutTimestamps,0,0.0
2023-09-30 12:35:44,IcmpOutTimestampReps,0,0.0
2023-09-30 12:35:44,IcmpOutAddrMasks,0,0.0
2023-09-30 12:35:44,IcmpOutAddrMaskReps,0,0.0
2023-09-30 12:35:44,TcpActiveOpens,0,0.0
2023-09-30 12:35:44,TcpPassiveOpens,0,0.0
2023-09-30 12:35:44,TcpAttemptFails,0,0.0
2023-09-30 12:35:44,TcpEstabResets,0,0.0
2023-09-30 12:35:44,TcpInSegs,179,0.0
2023-09-30 12:35:44,TcpOutSegs,179,0.0
2023-09-30 12:35:44,TcpRetransSegs,0,0.0
2023-09-30 12:35:44,TcpInErrs,0,0.0
2023-09-30 12:35:44,TcpOutRsts,0,0.0
2023-09-30 12:35:44,TcpInCsumErrors,0,0.0
2023-09-30 12:35:44,UdpInDatagrams,0,0.0
2023-09-30 12:35:44,UdpNoPorts,0,0.0
2023-09-30 12:35:44,UdpInErrors,0,0.0
2023-09-30 12:35:44,UdpOutDatagrams,0,0.0
2023-09-30 12:35:44,UdpRcvbufErrors,0,0.0
2023-09-30 12:35:44,UdpSndbufErrors,0,0.0
2023-09-30 12:35:44,UdpInCsumErrors,0,0.0
2023-09-30 12:35:44,UdpIgnoredMulti,0,0.0
2023-09-30 12:35:44,UdpMemErrors,0,0.0
2023-09-30 12:35:44,UdpLiteInDatagrams,0,0.0
2023-09-30 12:35:44,UdpLiteNoPorts,0,0.0
2023-09-30 12:35:44,UdpLiteInErrors,0,0.0
2023-09-30 12:35:44,UdpLiteOutDatagrams,0,0.0
2023-09-30 12:35:44,UdpLiteRcvbufErrors,0,0.0
2023-09-30 12:35:44,UdpLiteSndbufErrors,0,0.0
2023-09-30 12:35:44,UdpLiteInCsumErrors,0,0.0
2023-09-30 12:35:44,UdpLiteIgnoredMulti,0,0.0
2023-09-30 12:35:44,UdpLiteMemErrors,0,0.0
2023-09-30 12:35:44,Ip6InReceives,0,0.0
2023-09-30 12:35:44,Ip6InHdrErrors,0,0.0
2023-09-30 12:35:44,Ip6InTooBigErrors,0,0.0
2023-09-30 12:35:44,Ip6InNoRoutes,0,0.0
2023-09-30 12:35:44,Ip6InAddrErrors,0,0.0
2023-09-30 12:35:44,Ip6InUnknownProtos,0,0.0
2023-09-30 12:35:44,Ip6InTruncatedPkts,0,0.0
2023-09-30 12:35:44,Ip6InDiscards,0,0.0
2023-09-30 12:35:44,Ip6InDelivers,0,0.0
2023-09-30 12:35:44,Ip6OutForwDatagrams,0,0.0
2023-09-30 12:35:44,Ip6OutRequests,0,0.0
2023-09-30 12:35:44,Ip6OutDiscards,0,0.0
2023-09-30 12:35:44,Ip6OutNoRoutes,0,0.0
2023-09-30 12:35:44,Ip6ReasmTimeout,0,0.0
2023-09-30 12:35:44,Ip6ReasmReqds,0,0.0
2023-09-30 12:35:44,Ip6ReasmOKs,0,0.0
2023-09-30 12:35:44,Ip6ReasmFails,0,0.0
2023-09-30 12:35:44,Ip6FragOKs,0,0.0
2023-09-30 12:35:44,Ip6FragFails,0,0.0
2023-09-30 12:35:44,Ip6FragCreates,0,0.0
2023-09-30 12:35:44,Ip6InMcastPkts,0,0.0
2023-09-30 12:35:44,Ip6OutMcastPkts,0,0.0
2023-09-30 12:35:44,Ip6InOctets,0,0.0
2023-09-30 12:35:44,Ip6OutOctets,0,0.0
2023-09-30 12:35:44,Ip6InMcastOctets,0,0.0
2023-09-30 12:35:44,Ip6OutMcastOctets,0,0.0
2023-09-30 12:35:44,Ip6InBcastOctets,0,0.0
2023-09-30 12:35:44,Ip6OutBcastOctets,0,0.0
2023-09-30 12:35:44,Ip6InNoECTPkts,0,0.0
2023-09-30 12:35:44,Ip6InECT1Pkts,0,0.0
2023-09-30 12:35:44,Ip6InECT0Pkts,0,0.0
2023-09-30 12:35:44,Ip6InCEPkts,0,0.0
2023-09-30 12:35:44,Icmp6InMsgs,0,0.0
2023-09-30 12:35:44,Icmp6InErrors,0,0.0
2023-09-30 12:35:44,Icmp6OutMsgs,0,0.0
2023-09-30 12:35:44,Icmp6OutErrors,0,0.0
2023-09-30 12:35:44,Icmp6InCsumErrors,0,0.0
2023-09-30 12:35:44,Icmp6InDestUnreachs,0,0.0
2023-09-30 12:35:44,Icmp6InPktTooBigs,0,0.0
2023-09-30 12:35:44,Icmp6InTimeExcds,0,0.0
2023-09-30 12:35:44,Icmp6InParmProblems,0,0.0
2023-09-30 12:35:44,Icmp6InEchos,0,0.0
2023-09-30 12:35:44,Icmp6InEchoReplies,0,0.0
2023-09-30 12:35:44,Icmp6InGroupMembQueries,0,0.0
2023-09-30 12:35:44,Icmp6InGroupMembResponses,0,0.0
2023-09-30 12:35:44,Icmp6InGroupMembReductions,0,0.0
2023-09-30 12:35:44,Icmp6InRouterSolicits,0,0.0
2023-09-30 12:35:44,Icmp6InRouterAdvertisements,0,0.0
2023-09-30 12:35:44,Icmp6InNeighborSolicits,0,0.0
2023-09-30 12:35:44,Icmp6InNeighborAdvertisements,0,0.0
2023-09-30 12:35:44,Icmp6InRedirects,0,0.0
2023-09-30 12:35:44,Icmp6InMLDv2Reports,0,0.0
2023-09-30 12:35:44,Icmp6OutDestUnreachs,0,0.0
2023-09-30 12:35:44,Icmp6OutPktTooBigs,0,0.0
2023-09-30 12:35:44,Icmp6OutTimeExcds,0,0.0
2023-09-30 12:35:44,Icmp6OutParmProblems,0,0.0
2023-09-30 12:35:44,Icmp6OutEchos,0,0.0
2023-09-30 12:35:44,Icmp6OutEchoReplies,0,0.0
2023-09-30 12:35:44,Icmp6OutGroupMembQueries,0,0.0
2023-09-30 12:35:44,Icmp6OutGroupMembResponses,0,0.0
2023-09-30 12:35:44,Icmp6OutGroupMembReductions,0,0.0
2023-09-30 12:35:44,Icmp6OutRouterSolicits,0,0.0
2023-09-30 12:35:44,Icmp6OutRouterAdvertisements,0,0.0
2023-09-30 12:35:44,Icmp6OutNeighborSolicits,0,0.0
2023-09-30 12:35:44,Icmp6OutNeighborAdvertisements,0,0.0
2023-09-30 12:35:44,Icmp6OutRedirects,0,0.0
2023-09-30 12:35:44,Icmp6OutMLDv2Reports,0,0.0
2023-09-30 12:35:44,Icmp6InType136,0,0.0
2023-09-30 12:35:44,Icmp6OutType133,0,0.0
2023-09-30 12:35:44,Icmp6OutType135,0,0.0
2023-09-30 12:35:44,Icmp6OutType143,0,0.0
2023-09-30 12:35:44,Udp6InDatagrams,0,0.0
2023-09-30 12:35:44,Udp6NoPorts,0,0.0
2023-09-30 12:35:44,Udp6InErrors,0,0.0
2023-09-30 12:35:44,Udp6OutDatagrams,0,0.0
2023-09-30 12:35:44,Udp6RcvbufErrors,0,0.0
2023-09-30 12:35:44,Udp6SndbufErrors,0,0.0
2023-09-30 12:35:44,Udp6InCsumErrors,0,0.0
2023-09-30 12:35:44,Udp6IgnoredMulti,0,0.0
2023-09-30 12:35:44,Udp6MemErrors,0,0.0
2023-09-30 12:35:44,UdpLite6InDatagrams,0,0.0
2023-09-30 12:35:44,UdpLite6NoPorts,0,0.0
2023-09-30 12:35:44,UdpLite6InErrors,0,0.0
2023-09-30 12:35:44,UdpLite6OutDatagrams,0,0.0
2023-09-30 12:35:44,UdpLite6RcvbufErrors,0,0.0
2023-09-30 12:35:44,UdpLite6SndbufErrors,0,0.0
2023-09-30 12:35:44,UdpLite6InCsumErrors,0,0.0
2023-09-30 12:35:44,UdpLite6MemErrors,0,0.0
2023-09-30 12:35:44,TcpExtSyncookiesSent,0,0.0
2023-09-30 12:35:44,TcpExtSyncookiesRecv,0,0.0
2023-09-30 12:35:44,TcpExtSyncookiesFailed,0,0.0
2023-09-30 12:35:44,TcpExtEmbryonicRsts,0,0.0
2023-09-30 12:35:44,TcpExtPruneCalled,0,0.0
2023-09-30 12:35:44,TcpExtRcvPruned,0,0.0
2023-09-30 12:35:44,TcpExtOfoPruned,0,0.0
2023-09-30 12:35:44,TcpExtOutOfWindowIcmps,0,0.0
2023-09-30 12:35:44,TcpExtLockDroppedIcmps,0,0.0
2023-09-30 12:35:44,TcpExtArpFilter,0,0.0
2023-09-30 12:35:44,TcpExtTW,0,0.0
2023-09-30 12:35:44,TcpExtTWRecycled,0,0.0
2023-09-30 12:35:44,TcpExtTWKilled,0,0.0
2023-09-30 12:35:44,TcpExtPAWSActive,0,0.0
2023-09-30 12:35:44,TcpExtPAWSEstab,0,0.0
2023-09-30 12:35:44,TcpExtDelayedACKs,15,0.0
2023-09-30 12:35:44,TcpExtDelayedACKLocked,0,0.0
2023-09-30 12:35:44,TcpExtDelayedACKLost,0,0.0
2023-09-30 12:35:44,TcpExtListenOverflows,0,0.0
2023-09-30 12:35:44,TcpExtListenDrops,0,0.0
2023-09-30 12:35:44,TcpExtTCPHPHits,98,0.0
2023-09-30 12:35:44,TcpExtTCPPureAcks,4,0.0
2023-09-30 12:35:44,TcpExtTCPHPAcks,114,0.0
2023-09-30 12:35:44,TcpExtTCPRenoRecovery,0,0.0
2023-09-30 12:35:44,TcpExtTCPSackRecovery,0,0.0
2023-09-30 12:35:44,TcpExtTCPSACKReneging,0,0.0
2023-09-30 12:35:44,TcpExtTCPSACKReorder,0,0.0
2023-09-30 12:35:44,TcpExtTCPRenoReorder,0,0.0
2023-09-30 12:35:44,TcpExtTCPTSReorder,0,0.0
2023-09-30 12:35:44,TcpExtTCPFullUndo,0,0.0
2023-09-30 12:35:44,TcpExtTCPPartialUndo,0,0.0
2023-09-30 12:35:44,TcpExtTCPDSACKUndo,0,0.0
2023-09-30 12:35:44,TcpExtTCPLossUndo,0,0.0
2023-09-30 12:35:44,TcpExtTCPLostRetransmit,0,0.0
2023-09-30 12:35:44,TcpExtTCPRenoFailures,0,0.0
2023-09-30 12:35:44,TcpExtTCPSackFailures,0,0.0
2023-09-30 12:35:44,TcpExtTCPLossFailures,0,0.0
2023-09-30 12:35:44,TcpExtTCPFastRetrans,0,0.0
2023-09-30 12:35:44,TcpExtTCPSlowStartRetrans,0,0.0
2023-09-30 12:35:44,TcpExtTCPTimeouts,0,0.0
2023-09-30 12:35:44,TcpExtTCPLossProbes,0,0.0
2023-09-30 12:35:44,TcpExtTCPLossProbeRecovery,0,0.0
2023-09-30 12:35:44,TcpExtTCPRenoRecoveryFail,0,0.0
2023-09-30 12:35:44,TcpExtTCPSackRecoveryFail,0,0.0
2023-09-30 12:35:44,TcpExtTCPRcvCollapsed,0,0.0
2023-09-30 12:35:44,TcpExtTCPBacklogCoalesce,0,0.0
2023-09-30 12:35:44,TcpExtTCPDSACKOldSent,0,0.0
2023-09-30 12:35:44,TcpExtTCPDSACKOfoSent,0,0.0
2023-09-30 12:35:44,TcpExtTCPDSACKRecv,0,0.0
2023-09-30 12:35:44,TcpExtTCPDSACKOfoRecv,0,0.0
2023-09-30 12:35:44,TcpExtTCPAbortOnData,0,0.0
2023-09-30 12:35:44,TcpExtTCPAbortOnClose,0,0.0
2023-09-30 12:35:44,TcpExtTCPAbortOnMemory,0,0.0
2023-09-30 12:35:44,TcpExtTCPAbortOnTimeout,0,0.0
2023-09-30 12:35:44,TcpExtTCPAbortOnLinger,0,0.0
2023-09-30 12:35:44,TcpExtTCPAbortFailed,0,0.0
2023-09-30 12:35:44,TcpExtTCPMemoryPressures,0,0.0
2023-09-30 12:35:44,TcpExtTCPMemoryPressuresChrono,0,0.0
2023-09-30 12:35:44,TcpExtTCPSACKDiscard,0,0.0
2023-09-30 12:35:44,TcpExtTCPDSACKIgnoredOld,0,0.0
2023-09-30 12:35:44,TcpExtTCPDSACKIgnoredNoUndo,0,0.0
2023-09-30 12:35:44,TcpExtTCPSpuriousRTOs,0,0.0
2023-09-30 12:35:44,TcpExtTCPMD5NotFound,0,0.0
2023-09-30 12:35:44,TcpExtTCPMD5Unexpected,0,0.0
2023-09-30 12:35:44,TcpExtTCPMD5Failure,0,0.0
2023-09-30 12:35:44,TcpExtTCPSackShifted,0,0.0
2023-09-30 12:35:44,TcpExtTCPSackMerged,0,0.0
2023-09-30 12:35:44,TcpExtTCPSackShiftFallback,0,0.0
2023-09-30 12:35:44,TcpExtTCPBacklogDrop,0,0.0
2023-09-30 12:35:44,TcpExtPFMemallocDrop,0,0.0
2023-09-30 12:35:44,TcpExtTCPMinTTLDrop,0,0.0
2023-09-30 12:35:44,TcpExtTCPDeferAcceptDrop,0,0.0
2023-09-30 12:35:44,TcpExtIPReversePathFilter,0,0.0
2023-09-30 12:35:44,TcpExtTCPTimeWaitOverflow,0,0.0
2023-09-30 12:35:44,TcpExtTCPReqQFullDoCookies,0,0.0
2023-09-30 12:35:44,TcpExtTCPReqQFullDrop,0,0.0
2023-09-30 12:35:44,TcpExtTCPRetransFail,0,0.0
2023-09-30 12:35:44,TcpExtTCPRcvCoalesce,0,0.0
2023-09-30 12:35:44,TcpExtTCPOFOQueue,0,0.0
2023-09-30 12:35:44,TcpExtTCPOFODrop,0,0.0
2023-09-30 12:35:44,TcpExtTCPOFOMerge,0,0.0
2023-09-30 12:35:44,TcpExtTCPChallengeACK,0,0.0
2023-09-30 12:35:44,TcpExtTCPSYNChallenge,0,0.0
2023-09-30 12:35:44,TcpExtTCPFastOpenActive,0,0.0
2023-09-30 12:35:44,TcpExtTCPFastOpenActiveFail,0,0.0
2023-09-30 12:35:44,TcpExtTCPFastOpenPassive,0,0.0
2023-09-30 12:35:44,TcpExtTCPFastOpenPassiveFail,0,0.0
2023-09-30 12:35:44,TcpExtTCPFastOpenListenOverflow,0,0.0
2023-09-30 12:35:44,TcpExtTCPFastOpenCookieReqd,0,0.0
2023-09-30 12:35:44,TcpExtTCPFastOpenBlackhole,0,0.0
2023-09-30 12:35:44,TcpExtTCPSpuriousRtxHostQueues,0,0.0
2023-09-30 12:35:44,TcpExtBusyPollRxPackets,0,0.0
2023-09-30 12:35:44,TcpExtTCPAutoCorking,0,0.0
2023-09-30 12:35:44,TcpExtTCPFromZeroWindowAdv,0,0.0
2023-09-30 12:35:44,TcpExtTCPToZeroWindowAdv,0,0.0
2023-09-30 12:35:44,TcpExtTCPWantZeroWindowAdv,0,0.0
2023-09-30 12:35:44,TcpExtTCPSynRetrans,0,0.0
2023-09-30 12:35:44,TcpExtTCPOrigDataSent,131,0.0
2023-09-30 12:35:44,TcpExtTCPHystartTrainDetect,0,0.0
2023-09-30 12:35:44,TcpExtTCPHystartTrainCwnd,0,0.0
2023-09-30 12:35:44,TcpExtTCPHystartDelayDetect,0,0.0
2023-09-30 12:35:44,TcpExtTCPHystartDelayCwnd,0,0.0
2023-09-30 12:35:44,TcpExtTCPACKSkippedSynRecv,0,0.0
2023-09-30 12:35:44,TcpExtTCPACKSkippedPAWS,0,0.0
2023-09-30 12:35:44,TcpExtTCPACKSkippedSeq,0,0.0
2023-09-30 12:35:44,TcpExtTCPACKSkippedFinWait2,0,0.0
2023-09-30 12:35:44,TcpExtTCPACKSkippedTimeWait,0,0.0
2023-09-30 12:35:44,TcpExtTCPACKSkippedChallenge,0,0.0
2023-09-30 12:35:44,TcpExtTCPWinProbe,0,0.0
2023-09-30 12:35:44,TcpExtTCPKeepAlive,0,0.0
2023-09-30 12:35:44,TcpExtTCPMTUPFail,0,0.0
2023-09-30 12:35:44,TcpExtTCPMTUPSuccess,0,0.0
2023-09-30 12:35:44,TcpExtTCPDelivered,131,0.0
2023-09-30 12:35:44,TcpExtTCPDeliveredCE,0,0.0
2023-09-30 12:35:44,TcpExtTCPAckCompressed,0,0.0
2023-09-30 12:35:44,TcpExtTCPZeroWindowDrop,0,0.0
2023-09-30 12:35:44,TcpExtTCPRcvQDrop,0,0.0
2023-09-30 12:35:44,TcpExtTCPWqueueTooBig,0,0.0
2023-09-30 12:35:44,TcpExtTCPFastOpenPassiveAltKey,0,0.0
2023-09-30 12:35:44,TcpExtTcpTimeoutRehash,0,0.0
2023-09-30 12:35:44,TcpExtTcpDuplicateDataRehash,0,0.0
2023-09-30 12:35:44,TcpExtTCPDSACKRecvSegs,0,0.0
2023-09-30 12:35:44,TcpExtTCPDSACKIgnoredDubious,0,0.0
2023-09-30 12:35:44,TcpExtTCPMigrateReqSuccess,0,0.0
2023-09-30 12:35:44,TcpExtTCPMigrateReqFailure,0,0.0
2023-09-30 12:35:44,IpExtInNoRoutes,0,0.0
2023-09-30 12:35:44,IpExtInTruncatedPkts,0,0.0
2023-09-30 12:35:44,IpExtInMcastPkts,0,0.0
2023-09-30 12:35:44,IpExtOutMcastPkts,0,0.0
2023-09-30 12:35:44,IpExtInBcastPkts,0,0.0
2023-09-30 12:35:44,IpExtOutBcastPkts,0,0.0
2023-09-30 12:35:44,IpExtInOctets,166232,0.0
2023-09-30 12:35:44,IpExtOutOctets,166232,0.0
2023-09-30 12:35:44,IpExtInMcastOctets,0,0.0
2023-09-30 12:35:44,IpExtOutMcastOctets,0,0.0
2023-09-30 12:35:44,IpExtInBcastOctets,0,0.0
2023-09-30 12:35:44,IpExtOutBcastOctets,0,0.0
2023-09-30 12:35:44,IpExtInCsumErrors,0,0.0
2023-09-30 12:35:44,IpExtInNoECTPkts,179,0.0
2023-09-30 12:35:44,IpExtInECT1Pkts,0,0.0
2023-09-30 12:35:44,IpExtInECT0Pkts,0,0.0
2023-09-30 12:35:44,IpExtInCEPkts,0,0.0
2023-09-30 12:35:44,IpExtReasmOverlaps,0,0.0
